{"intents": [
  {"tag": "greetings",
  "patterns": ["hello","hey","hi","hii","good day","Greetings","what's up?","how is it going?"],
  "responses": ["Hello!","Hey!","What can I do for you?"]
  },

  {"tag": "name",
  "patterns": ["what is your name","name","what's your name","who are you","what should I call you"],
  "responses": ["You can call me SSBTCOET Bot","I'm SSBTCOET bot","I'm SSBTCOET Bot your virtual assistant"]
  },

  {"tag": "courses",
  "patterns": ["what courses are available", "how many courses are there in this college"],
  "responses": ["SSBT's College of Engineering and Tenchnology, Bambhori provide enviable higher education to students.\nFor Bachelor of Enginnering branches are -\n 1)Computer Engineering\n2)Information Technology\n3)Mechanical Engineering\n4)Civil Engineering\n5)Biotechnology Engineering \n6)Chemical Engineering\n7)Electrical Engineering \n8)Electronic and communication Engineering\nFor Bachelors in Business Administration we have been offering the followings:\n\n1. BBA (Marketing , Accounting & Finance)\n2. MBA (International Business)\nCollege also provide course of Bachelor's of Pharmacy and Diploma of Pharmacy\nCollege also provide courses-\nBachelors in Computer Application \nMasters in Computer Application"]
  },

   {"tag": "courseDuration",
  "patterns": ["how long will be course duration", "how long will it take to course"],
  "responses": ["Our college offers 3 year long BCA, BBA course and 4 year long BE/Btech,Bpharm course and 2 yaer long MBA, MCA course."]
  },

   {"tag": "Location",
  "patterns": ["location","where is it located","what is the location of the college"],
  "responses": ["SSBT's College of Engineering and Tenchnology, Bambhori located in Bambhori in Jalgaon District"]
  },

  {"tag": "semesters",
  "patterns": ["how many semesters are there in a year","how many semesters one should study in a year"],
  "responses": ["There are two semesters in a year."]
  },

  {"tag": "semDuration",
  "patterns": ["how many months are there in a semester","how long will be a single semester"],
  "responses": ["The single semester will be around 4 months."]
  },

  {"tag": "studentRequirements",
  "patterns": ["what are the student requirements for admission","entry requirements","admission requirements"],
  "responses": ["Academic Level\nFor BE/Btech and BPharm require HSC pass with its equivalent examination with Physics and Chemistry Compulsory along with one of the Mathematics for BE and Biology foe Pharmacy\nPassed Diploma in Engineering and Technology and obtained at least 45% marks\nFor BCA, BCom, BSc, BBA\nHSC passed  with 45 % with marks of equivalent entrance examination\nAlso we offer direct admission to candidates based on merit rank \nFor MBA, MCA\nPassed Minimum three year duration Bachelor's Degree awarded by University with at least 50 % marks in aggregate  and equivalent entrance examination marks."]
  },

  {"tag": "classes",
  "patterns": ["how many classes will be there in a day","how long are the classes?"],
  "responses": ["There may be three or four classes per day and practicals. Each class will be of 1 hour and practical will be of 2 hours"]
  },

  {"tag": "teachingStyle",
  "patterns": ["what is the teaching style of this college?","Is the teaching pattern different from other college?","what is the teaching format?"],
  "responses": ["Our college has different teaching patterns than other colleges of Nepal. We adopt a British teaching methodology, following the LTW techniques which stands for Lecture, Tutorial and Workshop.\nYou can provide us with your contact details and our counselors shall reach out to you and provide you with further details."]
  },

  {"tag": "exams",
  "patterns": ["what are the exams like?","What is the exam pattern"],
  "responses": ["There are assignments which carry more weight than your written exams. The assignments have deadlines which you should not exceed if you want to get better marks."]
  },

  {"tag": "hours",
  "patterns": ["what are your hours","when are you guys open","what your hours of operation"],
  "responses": ["You can message us here at any hours. But our college premises will be open from 7:00 am to 5:00 pm only."]
  },

  {"tag": "funActivities",
  "patterns": ["will there be any extra curriculum activities?","does the college conducts any fun program"],
  "responses": ["Yes, Of course. Our college not only provides excellent education but also encourage students to take part in different curriculum activities. The college conducts yearly programs like Sports meet, Carnival, Holi festival, and Christmas. \n Also our college has basketball court, badminton court, table tennis, chess, carrom board and many more refreshment zones."]
  },

  {"tag": "facilities",
  "patterns": ["what facilities are provided by the college?","what are the facilities of college for students", "what are the college infrastructures "],
  "responses": ["With excellent education facilities, Our College provides various other facilities like 24 hours internet\nCentral library \n2 Girls Hostel \n2Boys Hostel \nGymnasium and Yoga Center \n2 Canteen \nVirtual classrooms and E-learning\nMedical Facility\nTransport Facility \nStudent service for any students queries."]
  },

  {"tag": "fee",
  "patterns": ["how much is the college fee","what is the fee structure"],
  "responses": ["Course BE IT\nAdmission fee=RS 43,000\nYear 1\nUniversity and Exam fee= RS 1000 Each semester fee=RS 20,000 Total fee= RS 45,000\nYear 2\nUniversity and Exam fee= RS 1000 Each semester fee=RS 45,000 Total fee= RS 46,000\nYear 3\nUniversity and Exam fee= RS 100,000 Each semester fee=RS 69,000 Total fee= RS 238,000\nGrandTotal fee= RS 810,000\n\nCourse BBA\nAdmission fee=RS 96,000\nYear 1\nUniversity and Exam fee= RS 100,000 Each semester fee=RS 52,000 Total fee= RS 300,000\nYear 2\nUniversity and Exam fee= RS 100,000 Each semester fee=RS 52,000 Total fee= RS 204,000\nYear 3\nUniversity and Exam fee= RS 100,000 Each semester fee=RS 52,000 Total fee= RS 204,000\nYear 4\nUniversity and Exam fee= RS 50,000 Semester fee=RS 52,000 Total fee= RS 102,000\nGrandTotal fee= RS 810,000"]
  },

  {"tag": "goodbye",
  "patterns": ["cya","See you later","Goodbye","I am leaving","Have a Good Day","bye","see ya"],
  "responses": ["Sad to see you go :(","Talk you later","Goodbye"]
  },

  {"tag": "invalid",
    "patterns": ["","gvsd","asbhk"],
    "responses": ["Sorry, can't understand you", "Please give me more info", "Not sure I understand"]
  },

  {"tag": "thanks",
    "patterns": ["Thanks", "Thank you", "That's helpful", "Awesome, thanks", "Thanks for helping me"],
    "responses": ["Happy to help!", "Any time!", "My pleasure"]
  }
]}